                  epoch,         train/box_loss,         train/cls_loss,         train/dfl_loss,   metrics/precision(B),      metrics/recall(B),       metrics/mAP50(B),    metrics/mAP50-95(B),           val/box_loss,           val/cls_loss,           val/dfl_loss,                 lr/pg0,                 lr/pg1,                 lr/pg2
                      1,                 2.1579,                 5.8063,                 1.5171,                      0,                      0,                      0,                      0,                 1.4361,                 5.8046,                 1.2135,              6.656e-05,              6.656e-05,              6.656e-05
                      2,                  1.466,                 3.8873,                 1.0336,                0.57811,                0.69899,                0.72168,                0.50286,                  1.202,                 4.5926,                0.99326,              0.0001021,              0.0001021,              0.0001021
                      3,                 1.2065,                 2.2422,                0.95861,                0.28198,                0.82828,                0.77112,                0.56452,                 1.0936,                 3.6901,                0.95773,             0.00010342,             0.00010342,             0.00010342
                      4,                 1.0774,                 1.8044,                0.95595,                0.93412,                0.63014,                 0.7991,                0.60061,                 1.0226,                 2.8071,                0.94823,              6.592e-05,              6.592e-05,              6.592e-05
